{"cameraMode":{"drawMode":0,"name":"Shaded","section":"Shading Mode"},"sceneLighting":false,"audioPlay":false,"sceneViewState":{"showFog":true,"showMaterialUpdate":false,"showSkybox":false,"showFlares":true,"showImageEffects":true,"showParticleSystems":true},"in2DMode":false,"pivot":{"x":-0.660517692565918,"y":-0.40151074528694155,"z":0.5102312564849854},"rotation":{"x":0.05773492157459259,"y":-0.15746694803237916,"z":0.009222269058227539,"w":0.9857924580574036},"size":4.143932342529297,"orthographic":true}