{"cameraMode":{"drawMode":0,"name":"Shaded","section":"Shading Mode"},"sceneLighting":false,"audioPlay":false,"sceneViewState":{"showFog":true,"showMaterialUpdate":false,"showSkybox":false,"showFlares":true,"showImageEffects":true,"showParticleSystems":true},"in2DMode":false,"pivot":{"x":6.83642578125,"y":4.750527381896973,"z":-86.88758087158203},"rotation":{"x":0.14529339969158173,"y":0.12519299983978272,"z":-0.018537046387791635,"w":0.9812608361244202},"size":1.9617137908935547,"orthographic":true}