{"cameraMode":{"drawMode":0,"name":"Shaded","section":"Shading Mode"},"sceneLighting":false,"audioPlay":false,"sceneViewState":{"showFog":true,"showMaterialUpdate":false,"showSkybox":false,"showFlares":true,"showImageEffects":true,"showParticleSystems":true},"in2DMode":false,"pivot":{"x":16.542055130004884,"y":4.717227935791016,"z":-72.06298828125},"rotation":{"x":0.030763059854507448,"y":0.21421878039836884,"z":-0.006750326603651047,"w":0.9762789011001587},"size":1.8160502910614014,"orthographic":true}