{"cameraMode":{"drawMode":0,"name":"Shaded","section":"Shading Mode"},"sceneLighting":false,"audioPlay":false,"sceneViewState":{"showFog":true,"showMaterialUpdate":false,"showSkybox":false,"showFlares":true,"showImageEffects":true,"showParticleSystems":true},"in2DMode":false,"pivot":{"x":-10.362537384033204,"y":0.7157163619995117,"z":-32.36785125732422},"rotation":{"x":0.15112127363681794,"y":0.7823246717453003,"z":-0.20844851434230805,"w":0.5671714544296265},"size":4.197070598602295,"orthographic":true}