{"cameraMode":{"drawMode":0,"name":"Shaded","section":"Shading Mode"},"sceneLighting":false,"audioPlay":false,"sceneViewState":{"showFog":true,"showMaterialUpdate":false,"showSkybox":false,"showFlares":true,"showImageEffects":true,"showParticleSystems":true},"in2DMode":false,"pivot":{"x":6.257016181945801,"y":1.0252928733825684,"z":-86.71540832519531},"rotation":{"x":0.08520497381687164,"y":-0.06660405546426773,"z":0.005708544049412012,"w":0.9941191673278809},"size":4.0416579246521,"orthographic":true}