{"cameraMode":{"drawMode":0,"name":"Shaded","section":"Shading Mode"},"sceneLighting":false,"audioPlay":false,"sceneViewState":{"showFog":true,"showMaterialUpdate":false,"showSkybox":false,"showFlares":true,"showImageEffects":true,"showParticleSystems":true},"in2DMode":false,"pivot":{"x":-13.118387222290039,"y":4.230766296386719,"z":-47.68783187866211},"rotation":{"x":0.00458469707518816,"y":0.9952888488769531,"z":-0.05978894978761673,"w":0.07628846168518067},"size":1.6622132062911988,"orthographic":true}