{"cameraMode":{"drawMode":0,"name":"Shaded","section":"Shading Mode"},"sceneLighting":false,"audioPlay":false,"sceneViewState":{"showFog":true,"showMaterialUpdate":false,"showSkybox":false,"showFlares":true,"showImageEffects":true,"showParticleSystems":true},"in2DMode":false,"pivot":{"x":-0.002845466136932373,"y":3.0221760272979738,"z":-0.06254881620407105},"rotation":{"x":0.02489045076072216,"y":-0.9720006585121155,"z":0.12104921787977219,"w":0.19986538589000703},"size":3.283543825149536,"orthographic":true}