{"cameraMode":{"drawMode":0,"name":"Shaded","section":"Shading Mode"},"sceneLighting":false,"audioPlay":false,"sceneViewState":{"showFog":true,"showMaterialUpdate":false,"showSkybox":false,"showFlares":true,"showImageEffects":true,"showParticleSystems":true},"in2DMode":false,"pivot":{"x":-0.23747166991233827,"y":1.0794095993041993,"z":-0.10125186294317246},"rotation":{"x":0.01823960803449154,"y":0.4953800439834595,"z":-0.010404486209154129,"w":0.8684229850769043},"size":3.63100528717041,"orthographic":true}