{"cameraMode":{"drawMode":0,"name":"Shaded","section":"Shading Mode"},"sceneLighting":false,"audioPlay":false,"sceneViewState":{"showFog":true,"showMaterialUpdate":false,"showSkybox":false,"showFlares":true,"showImageEffects":true,"showParticleSystems":true},"in2DMode":false,"pivot":{"x":3.007789134979248,"y":3.215585708618164,"z":-72.08631134033203},"rotation":{"x":0.10463260859251023,"y":-0.3262772858142853,"z":0.03636622428894043,"w":0.938761293888092},"size":4.308221817016602,"orthographic":true}