{"cameraMode":{"drawMode":0,"name":"Shaded","section":"Shading Mode"},"sceneLighting":false,"audioPlay":false,"sceneViewState":{"showFog":true,"showMaterialUpdate":false,"showSkybox":false,"showFlares":true,"showImageEffects":true,"showParticleSystems":true},"in2DMode":false,"pivot":{"x":5.931004047393799,"y":1.3511582612991334,"z":-86.58761596679688},"rotation":{"x":0.10463260859251023,"y":-0.3262772858142853,"z":0.03636622428894043,"w":0.938761293888092},"size":4.063591957092285,"orthographic":true}