{"cameraMode":{"drawMode":0,"name":"Shaded","section":"Shading Mode"},"sceneLighting":false,"audioPlay":false,"sceneViewState":{"showFog":true,"showMaterialUpdate":false,"showSkybox":false,"showFlares":true,"showImageEffects":true,"showParticleSystems":true},"in2DMode":false,"pivot":{"x":-15.618428230285645,"y":2.84722638130188,"z":-43.67822265625},"rotation":{"x":0.00458469707518816,"y":0.9952888488769531,"z":-0.05978894978761673,"w":0.07628846168518067},"size":4.832615852355957,"orthographic":true}