{"cameraMode":{"drawMode":0,"name":"Shaded","section":"Shading Mode"},"sceneLighting":true,"audioPlay":false,"sceneViewState":{"showFog":true,"showMaterialUpdate":false,"showSkybox":true,"showFlares":true,"showImageEffects":true,"showParticleSystems":true},"in2DMode":false,"pivot":{"x":10.8853759765625,"y":2.3551025390625,"z":-103.21435546875},"rotation":{"x":0.11354249715805054,"y":-0.06046565994620323,"z":0.006923195905983448,"w":0.9916685223579407},"size":2.5644948482513429,"orthographic":true}