{"cameraMode":{"drawMode":0,"name":"Shaded","section":"Shading Mode"},"sceneLighting":false,"audioPlay":false,"sceneViewState":{"showFog":true,"showMaterialUpdate":false,"showSkybox":false,"showFlares":true,"showImageEffects":true,"showParticleSystems":true},"in2DMode":false,"pivot":{"x":0.5899355411529541,"y":2.4629669189453127,"z":-0.09505464136600495},"rotation":{"x":0.01823960803449154,"y":0.4953800439834595,"z":-0.010404486209154129,"w":0.8684229850769043},"size":4.613519668579102,"orthographic":true}