{"cameraMode":{"drawMode":0,"name":"Shaded","section":"Shading Mode"},"sceneLighting":false,"audioPlay":false,"sceneViewState":{"showFog":true,"showMaterialUpdate":false,"showSkybox":false,"showFlares":true,"showImageEffects":true,"showParticleSystems":true},"in2DMode":false,"pivot":{"x":-0.5926027894020081,"y":2.463146209716797,"z":-0.0930483266711235},"rotation":{"x":0.01823960803449154,"y":0.4953800439834595,"z":-0.010404486209154129,"w":0.8684229850769043},"size":4.603816986083984,"orthographic":true}