{"cameraMode":{"drawMode":0,"name":"Shaded","section":"Shading Mode"},"sceneLighting":false,"audioPlay":false,"sceneViewState":{"showFog":true,"showMaterialUpdate":false,"showSkybox":false,"showFlares":true,"showImageEffects":true,"showParticleSystems":true},"in2DMode":false,"pivot":{"x":1.309999942779541,"y":0.45500001311302187,"z":-0.08757400512695313},"rotation":{"x":0.17012198269367219,"y":-0.349152535200119,"z":0.06461800634860993,"w":0.9192284941673279},"size":1.044583797454834,"orthographic":true}