{"cameraMode":{"drawMode":0,"name":"Shaded","section":"Shading Mode"},"sceneLighting":true,"audioPlay":false,"sceneViewState":{"showFog":true,"showMaterialUpdate":false,"showSkybox":true,"showFlares":true,"showImageEffects":true,"showParticleSystems":true},"in2DMode":false,"pivot":{"x":12.201171875,"y":4.115177154541016,"z":-108.22384643554688},"rotation":{"x":0.08086089789867401,"y":0.0352746918797493,"z":-0.0028636103961616756,"w":0.9960987567901611},"size":13.119306564331055,"orthographic":true}