{"cameraMode":{"drawMode":0,"name":"Shaded","section":"Shading Mode"},"sceneLighting":false,"audioPlay":false,"sceneViewState":{"showFog":true,"showMaterialUpdate":false,"showSkybox":false,"showFlares":true,"showImageEffects":true,"showParticleSystems":true},"in2DMode":false,"pivot":{"x":6.558076858520508,"y":1.371279001235962,"z":-86.60160827636719},"rotation":{"x":0.10463260859251023,"y":-0.3262772858142853,"z":0.03636622428894043,"w":0.938761293888092},"size":4.051454067230225,"orthographic":true}