{"cameraMode":{"drawMode":0,"name":"Shaded","section":"Shading Mode"},"sceneLighting":false,"audioPlay":false,"sceneViewState":{"showFog":true,"showMaterialUpdate":false,"showSkybox":false,"showFlares":true,"showImageEffects":true,"showParticleSystems":true},"in2DMode":false,"pivot":{"x":4.1070146560668949,"y":3.4680018424987795,"z":-71.76104736328125},"rotation":{"x":0.10463260859251023,"y":-0.3262772858142853,"z":0.03636622428894043,"w":0.938761293888092},"size":4.243452548980713,"orthographic":true}