{"cameraMode":{"drawMode":0,"name":"Shaded","section":"Shading Mode"},"sceneLighting":false,"audioPlay":false,"sceneViewState":{"showFog":true,"showMaterialUpdate":false,"showSkybox":false,"showFlares":true,"showImageEffects":true,"showParticleSystems":true},"in2DMode":false,"pivot":{"x":306.973388671875,"y":8.357711791992188,"z":25.99072265625},"rotation":{"x":-0.00007562025712104514,"y":0.9999027252197266,"z":-0.005999482702463865,"w":-0.012601041235029698},"size":4.063514709472656,"orthographic":true}