{"cameraMode":{"drawMode":0,"name":"Shaded","section":"Shading Mode"},"sceneLighting":false,"audioPlay":false,"sceneViewState":{"showFog":true,"showMaterialUpdate":false,"showSkybox":false,"showFlares":true,"showImageEffects":true,"showParticleSystems":true},"in2DMode":false,"pivot":{"x":-19.28203582763672,"y":3.1007421016693117,"z":-46.16919708251953},"rotation":{"x":0.00458469707518816,"y":0.9952888488769531,"z":-0.05978894978761673,"w":0.07628846168518067},"size":3.4175353050231935,"orthographic":true}