{"cameraMode":{"drawMode":0,"name":"Shaded","section":"Shading Mode"},"sceneLighting":false,"audioPlay":false,"sceneViewState":{"showFog":true,"showMaterialUpdate":false,"showSkybox":false,"showFlares":true,"showImageEffects":true,"showParticleSystems":true},"in2DMode":false,"pivot":{"x":9.409186363220215,"y":0.9787137508392334,"z":-100.41398620605469},"rotation":{"x":0.06227194517850876,"y":0.05237365514039993,"z":-0.0032723110634833576,"w":0.9966793060302734},"size":14.813118934631348,"orthographic":true}