{"cameraMode":{"drawMode":0,"name":"Shaded","section":"Shading Mode"},"sceneLighting":true,"audioPlay":false,"sceneViewState":{"showFog":true,"showMaterialUpdate":false,"showSkybox":true,"showFlares":true,"showImageEffects":true,"showParticleSystems":true},"in2DMode":false,"pivot":{"x":304.7406921386719,"y":1.6244181394577027,"z":-9.802412033081055},"rotation":{"x":0.10903430730104447,"y":-0.14262977242469788,"z":0.015810463577508928,"w":0.9836298823356628},"size":1.991792917251587,"orthographic":true}