{"cameraMode":{"drawMode":0,"name":"Shaded","section":"Shading Mode"},"sceneLighting":false,"audioPlay":false,"sceneViewState":{"showFog":true,"showMaterialUpdate":false,"showSkybox":false,"showFlares":true,"showImageEffects":true,"showParticleSystems":true},"in2DMode":false,"pivot":{"x":304.20001220703127,"y":3.9000000953674318,"z":-6.900000095367432},"rotation":{"x":0.5602647066116333,"y":0.21136422455310822,"z":-0.15054342150688172,"w":0.7866164445877075},"size":0.857353925704956,"orthographic":true}