{"cameraMode":{"drawMode":0,"name":"Shaded","section":"Shading Mode"},"sceneLighting":false,"audioPlay":false,"sceneViewState":{"showFog":true,"showMaterialUpdate":false,"showSkybox":false,"showFlares":true,"showImageEffects":true,"showParticleSystems":true},"in2DMode":false,"pivot":{"x":34.824951171875,"y":2.467529296875,"z":-51.57421875},"rotation":{"x":0.1912015676498413,"y":-0.15910516679286958,"z":0.031424812972545627,"w":0.968061089515686},"size":5.354187488555908,"orthographic":true}