{"cameraMode":{"drawMode":0,"name":"Shaded","section":"Shading Mode"},"sceneLighting":false,"audioPlay":false,"sceneViewState":{"showFog":true,"showMaterialUpdate":false,"showSkybox":false,"showFlares":true,"showImageEffects":true,"showParticleSystems":true},"in2DMode":false,"pivot":{"x":-21.700000762939454,"y":7.200000762939453,"z":-30.100000381469728},"rotation":{"x":0.15112127363681794,"y":0.7823246717453003,"z":-0.20844851434230805,"w":0.5671714544296265},"size":1.9626673460006714,"orthographic":true}