{"cameraMode":{"drawMode":0,"name":"Shaded","section":"Shading Mode"},"sceneLighting":false,"audioPlay":false,"sceneViewState":{"showFog":true,"showMaterialUpdate":false,"showSkybox":false,"showFlares":true,"showImageEffects":true,"showParticleSystems":true},"in2DMode":false,"pivot":{"x":6.250511169433594,"y":3.4301223754882814,"z":-86.54861450195313},"rotation":{"x":0.06235938519239426,"y":-0.6515063047409058,"z":0.053871799260377887,"w":0.7541571855545044},"size":3.6928093433380129,"orthographic":true}