{"cameraMode":{"drawMode":0,"name":"Shaded","section":"Shading Mode"},"sceneLighting":false,"audioPlay":false,"sceneViewState":{"showFog":true,"showMaterialUpdate":false,"showSkybox":false,"showFlares":true,"showImageEffects":true,"showParticleSystems":true},"in2DMode":false,"pivot":{"x":-14.655374526977539,"y":1.181056261062622,"z":-46.96533966064453},"rotation":{"x":0.00458469707518816,"y":0.9952888488769531,"z":-0.05978894978761673,"w":0.07628846168518067},"size":3.7665493488311769,"orthographic":true}