{"cameraMode":{"drawMode":0,"name":"Shaded","section":"Shading Mode"},"sceneLighting":false,"audioPlay":false,"sceneViewState":{"showFog":true,"showMaterialUpdate":false,"showSkybox":false,"showFlares":true,"showImageEffects":true,"showParticleSystems":true},"in2DMode":false,"pivot":{"x":9.786299705505371,"y":1.3757998943328858,"z":-99.35940551757813},"rotation":{"x":0.07881736755371094,"y":0.5664704442024231,"z":-0.05454888567328453,"w":0.818491518497467},"size":14.823976516723633,"orthographic":true}