{"cameraMode":{"drawMode":0,"name":"Shaded","section":"Shading Mode"},"sceneLighting":false,"audioPlay":false,"sceneViewState":{"showFog":true,"showMaterialUpdate":false,"showSkybox":false,"showFlares":true,"showImageEffects":true,"showParticleSystems":true},"in2DMode":false,"pivot":{"x":1.309999942779541,"y":0.45500001311302187,"z":-0.08757434785366059},"rotation":{"x":0.09445202350616455,"y":0.7612465023994446,"z":-0.1138836145401001,"w":0.6313596963882446},"size":2.464097738265991,"orthographic":true}